Rainbow Group,Category,Question,Answer,Page,predicted_keyword_Page,predicted_keyword_PageRecall,predicted_keyword_PagePrec,predicted_keyword_Hit,predicted_vector_Page,predicted_vector_PageRecall,predicted_vector_PagePrec,predicted_vector_Hit,predicted_fused_Page,predicted_fused_PageRecall,predicted_fused_PagePrec,predicted_fused_Hit
 Construction-Related, Repair Method / Material / Environmental,Question (TH) :ในการซ่อมแซมรูฟองอากาศ (Voids) ที่มีขนาดความกว้าง 5 มม. และลึก 5 มม. โดยใช้วัสดุ Sika Skim Coat ผู้ปฏิบัติงานต้องปฏิบัติตามมาตรการป้องกันผลกระทบต่อสิ่งแวดล้อมด้านคุณภาพน้ำสำหรับวัสดุประเภทนี้อย่างไร,Answer (TH) :1. การเลือกวิธีซ่อม: รูฟองอากาศขนาดกว้างและลึก ≤ 10 มม. ให้ซ่อมด้วย Cementitious Mortar (RP-TN-04)2. มาตรการสิ่งแวดล้อม (สำหรับวัสดุซ่อมแบบผง - Sika Skim Coat):   - ปิดทางระบายท่อน้ำทิ้ง แล้วกำจัดน้ำที่ปนเปื้อนในท่อระบายออก   - ห้ามทิ้งน้ำที่ปนเปื้อนลงพื้นดินโดยเด็ดขาด   - แบ่งพื้นที่สำหรับงานซ่อมแซม ห้ามใช้วัสดุซ่อมนอกพื้นที่ที่จัดเตรียมไว้   - หากบรรจุภัณฑ์ฉีกขาด ให้เปลี่ยนบรรจุภัณฑ์ใหม่ หรือภาชนะที่ปิดมิดชิดได้," 6, 8, 135","47, 135, 52, 100, 45",0.3333,0.2,1,"45, 52, 47, 46, 115",0.0,0.0,0,"47, 52, 45, 100, 135",0.3333,0.2,1
 Construction-Related, Repair Method / Material / Human Risk,Question (TH) :หากช่างซ่อมบำรุงเผลอกลืนวัสดุ Sikadur 52 TH (Part B) ในระหว่างการทำงานซ่อมแซมรอยร้าว ตามข้อมูลความปลอดภัยของวัสดุ (Material Safety Data) จะเกิดผลกระทบอย่างไรและมีวิธีปฐมพยาบาลเบื้องต้นอย่างไร,Answer (TH) :1. ผลกระทบ: อาจเป็นอันตรายถึงตายได้ (ทำให้ผิวหนังไหม้อย่างรุนแรงเมื่อสัมผัส และเป็นอันตรายเมื่อกลืน)2. การปฐมพยาบาล:   - บ้วนปากแล้วดื่มน้ำสะอาดตามเป็นปริมาณมาก   - ห้ามทำให้อาเจียนโดยเด็ดขาด   - พาไปพบแพทย์โดยทันที, 130,"117, 107, 89, 88, 84",0.0,0.0,0,"89, 85, 92, 117, 84",0.0,0.0,0,"89, 117, 92, 84, 91",0.0,0.0,0
 Construction-Related, Repair Method / Material,Question (TH) :ในขั้นตอนการซ่อมแซมรอยแตกบิ่นที่ขอบ (Spalling Edge Repair) ตามวิธี RP-TN-03 ต้องใช้วัสดุเชื่อมประสานคอนกรีต Sikadur 32 TH อัตราส่วนผสมโดยน้ำหนักเป็นเท่าใด และตาม Data Sheet มีค่า Pot Life ที่ 20°C นานเท่าใด,Answer (TH) :1. อัตราส่วนผสม (RP-TN-03): A:B = 2:1 โดยน้ำหนัก2. Pot Life ที่ 20°C (Data Sheet): 40 นาที," 26, 59","58, 52, 4, 47, 7",0.0,0.0,0,"24, 7, 4, 58, 71",0.0,0.0,0,"58, 4, 7, 24, 52",0.0,0.0,0
 Non-Construction Questions, Documentation / Quality Control,"Question (TH) :หากต้องการบันทึกการซ่อมแซมชิ้นส่วนอุโมงค์ประเภท ""Counter Key"" จะต้องใช้แบบฟอร์มหมายเลขใด และในส่วนของการยอมรับ (Acceptance) ต้องมีการลงนามโดยตำแหน่งใดบ้าง",Answer (TH) :1. แบบฟอร์ม: TUNNEL-QCY-RN-412. ผู้ลงนาม:   - Production Engineer   - QC Engineer   - Consultant, 141,"141, 142, 140, 57, 139",1.0,0.2,1,"141, 142, 140, 70, 115",1.0,0.2,1,"141, 142, 140, 115, 57",1.0,0.2,1
 Construction-Related, Repair Method / Material,Question (TH) :จากการตรวจสอบพบรอยร้าว (Hard Crack) ขนาดกว้าง 0.4 มม. ลึก 20 มม. จะต้องใช้วิธีการซ่อมแซมรหัสใด และหากเลือกใช้วัสดุ Sikadur 52TH จะต้องใช้อัตราส่วนผสมระหว่างวัสดุ A และ B เท่าใด,Answer (TH) :1. วิธีซ่อมแซม: RP-TN-02 (Repair with Epoxy Resin) เนื่องจากรอยร้าวอยู่ระหว่าง 0.3-0.5 มม. และลึก > 15 มม.2. อัตราส่วนผสม Sikadur 52TH: ส่วนผสม A : ส่วนผสม B = 2 : 1," 3, 17","3, 52, 47, 10, 142",0.5,0.2,1,"142, 141, 140, 3, 7",0.5,0.2,1,"3, 142, 141, 140, 52",0.5,0.2,1
 Construction-Related, Repair Method / Human Risk,Question (TH) :ในขั้นตอนการซ่อมแซมรอยร้าวด้วย Cementitious Mortar (RP-TN-01) หากมีการใช้เครื่องเจียรคอนกรีตเพื่อขัดแต่งผิว ตามการประเมินความเสี่ยง (Risk Assessment) มีอันตรายที่อาจเกิดขึ้นอะไรบ้าง และระดับความเสี่ยงเริ่มต้น (Initial Risk Rating) มีค่าเท่าใด,"Answer (TH) :1. อันตราย: ไฟฟ้าดูด, โดนใบเจียรบาด2. ระดับความเสี่ยงเริ่มต้น (Initial Risk Rating): 12 (คำนวณจาก HCR 4 x PR 3)"," 13, 121","122, 121, 7, 10, 120",0.5,0.2,1,"122, 7, 121, 120, 9",0.5,0.2,1,"122, 7, 120, 121, 10",0.5,0.2,1
 Construction-Related, Material / Environmental / Preventive Measures,Question (TH) :หากเกิดเหตุเพลิงไหม้ในพื้นที่จัดเก็บวัสดุ Sikadur 41 CF Normal (วัสดุซ่อมแบบของเหลว) ควรใช้อุปกรณ์ดับเพลิงชนิดใดบ้าง และมีข้อห้ามในการใช้อุปกรณ์ดับเพลิงประเภทใดในระยะแรกเพื่อลดอุณหภูมิ,"Answer (TH) :1. อุปกรณ์ดับเพลิงที่ใช้ได้: โฟมดับเพลิงชนิดทนแอลกอฮอล์, ถังดับเพลิงชนิด CO2, ถังดับเพลิงแบบผง2. ข้อห้าม: ห้ามใช้เครื่องฉีดน้ำแรงดันสูงโดยเด็ดขาด (ใช้น้ำฉีดลดอุณหภูมิได้หากอยู่ห่าง)"," 137, 138","52, 56, 47, 55",0.0,0.0,0,"52, 47, 137, 55",0.5,0.25,1,"52, 47, 55, 137, 56",0.5,0.2,1
 Construction-Related, Repair Method / Guideline for Repair,Question (TH) :หากพบรอยแตกบิ่นที่ขอบ (Spalling Edge) แบบ Chamfered Edge มีขนาด A=60 มม. B=60 มม. ตาม Guideline จะต้องดำเนินการอย่างไร,Answer (TH) :Action: Reject (ปฏิเสธชิ้นงาน/ไม่ซ่อมแซม) เนื่องจากขนาดความเสียหายเกินเกณฑ์ที่กำหนดสำหรับการซ่อมแซม (5-50 มม.), 4,"4, 142, 140, 141, 24",1.0,0.2,1,"4, 142, 141, 140, 24",1.0,0.2,1,"4, 142, 140, 141, 24",1.0,0.2,1
 Construction-Related, Material / Repair Method,Question (TH) :วัสดุ Conpatch 300 ได้รับอนุมัติให้ใช้ในงานซ่อมแซมลักษณะใดตามหนังสืออนุมัติ และมีอัตราส่วนผสมปูนต่อน้ำตามคู่มือการซ่อมแซม (RP-TN-01/04) เท่าใด,Answer (TH) :1. ลักษณะงานที่อนุมัติ: ซ่อมแซมพื้นผิวคอนกรีตแบบบางที่มีตำหนิ อันเกิดจากรอยขูดขีดขนาดเล็ก หรือฟองอากาศจากงานหล่อคอนกรีต2. อัตราส่วนผสม: ปูน : น้ำ = 1 : 0.2 โดยน้ำหนัก," 11, 148","62, 65, 34, 52, 67",0.0,0.0,0,"7, 62, 32, 28, 130",0.0,0.0,0,"62, 7, 65, 34, 32",0.0,0.0,0
 Construction-Related, Material / Human Risk,Question (TH) :ในการใช้งานปูนฉาบแต่งตราผึ้ง 124 ซึ่งเป็นวัสดุแบบผง ความเสี่ยงด้านสุขภาพจากการสูดดมคืออะไร และวิธีกรลดความเสี่ยงที่ระบุไว้ใน Risk Assessment คืออะไร,"Answer (TH) :1. ความเสี่ยงจากการสูดดม: ระคายเคืองระบบทางเดินหายใจ, วิงเวียนศีรษะ, หมดสติ2. วิธีการลดความเสี่ยง:   - กำหนดเวลาในการทำงานร่วมกับสารเคมีที่เป็นฝุ่นผง หรือสารระเหย   - สวมหน้ากากป้องกันที่เหมาะสมกับลักษณะสารเคมี   - กำหนดพื้นที่การทำงาน   - ตรวจสุขภาพผู้ปฏิบัติงาน เพื่อป้องกันผลกระทบในระยะยาว", 121,"108, 89, 118, 84, 117",0.0,0.0,0,"122, 83, 100, 121, 107",1.0,0.2,1,"107, 117, 108, 122, 89",0.0,0.0,0
 Non-Construction Questions, Document Control,"Question (TH) :เอกสาร ""Guideline for Repair"" มีรหัสเอกสาร (Document No.) อะไร และเป็นการแก้ไขฉบับที่เท่าใด (Issue) วันที่เท่าใด",Answer (TH) :1. รหัสเอกสาร: TB-RP-012. ฉบับที่: Issue 23. วันที่: 20/6/2017, 2,"142, 140, 141, 5, 25",0.0,0.0,0,"142, 141, 140, 5, 7",0.0,0.0,0,"142, 140, 141, 5, 4",0.0,0.0,0
 Construction-Related, Material / Material Data Sheet,Question (TH) :วัสดุ Sikadur 31 CF Normal ที่ใช้ในการซ่อมแซม มีค่า Potlife (ขนาด 200g) ที่อุณหภูมิ +30°C นานเท่าใด และตาม Data Sheet สามารถใช้กับพื้นผิวคอนกรีตที่มีความชื้นได้หรือไม่,Answer (TH) :1. Potlife (+30°C): ประมาณ 35 นาที2. การใช้งานกับพื้นผิวชื้น: สามารถใช้ได้ (Suitable for dry and damp concrete surfaces)," 47, 51","47, 52, 55, 50",0.5,0.25,1,"47, 55, 52, 50",0.5,0.25,1,"47, 52, 55, 50",0.5,0.25,1
 Construction-Related, Repair Method / Material,"Question (TH) :หากพบรูฟองอากาศ (Blowholes) ลึก 12 มม. ต้องใช้วิธีซ่อมแซมรหัสใด และหากใช้วัสดุ ""ปูนฉาบตราผึ้ง 135F"" จะต้องผสมน้ำในอัตราส่วนเท่าใด",Answer (TH) :1. วิธีซ่อมแซม: RP-TN-05 (Repair with High Strength Mortar) เนื่องจากความลึก > 10 มม.2. อัตราส่วนผสม: ปูน : น้ำ = 1 : 0.18 โดยน้ำหนัก," 6, 40","142, 140, 141, 6, 3",0.5,0.2,1,"142, 141, 140, 139, 7",0.0,0.0,0,"142, 140, 141, 139, 6",0.5,0.2,1
 Construction-Related, Material / Environmental / Preventive Measures,Question (TH) :หากวัสดุ Conpatch 300 (วัสดุซ่อมแบบผง) รั่วไหลลงสู่พื้นดินเป็นจำนวนมาก มาตรการป้องกันและแก้ไขตามเอกสารสิ่งแวดล้อมระบุให้ดำเนินการอย่างไร,Answer (TH) :1. เปลี่ยนบรรจุภัณฑ์หรือภาชนะที่ปิดมิดชิดได้ แล้วขนย้ายออกจากจุดที่รั่วไหล2. กวาดวัสดุที่รั่วไหลกองรวมกัน แล้วใช้ผ้าหรือกระสอบคลุมกองวัสดุเพื่อป้องกันการฟุ้งกระจาย3. ตักวัสดุซ่อมใส่ถุงดำทิ้งในพื้นที่สำหรับทิ้งสารเคมี, 136,"107, 117, 135, 62, 134",0.0,0.0,0,"107, 117, 70, 148, 125",0.0,0.0,0,"107, 117, 62, 135, 70",0.0,0.0,0
 Construction-Related, Human Risk / Material Safety Data,Question (TH) :หากผิวหนังสัมผัสกับ Sikadur 41 CF Normal (Part B) จนเกิดการไหม้หรือระคายเคือง ตามข้อมูลความปลอดภัย (Material Safety Data) ต้องปฐมพยาบาลอย่างไร และระบุว่าหากไม่ทำการรักษาจะเกิดผลเสียอย่างไร,Answer (TH) :1. การปฐมพยาบาล: ถอดเสื้อผ้าที่ปนเปื้อนออก แล้วล้างตัวด้วยสบู่และน้ำ แล้วพบแพทย์ทันที2. ผลเสียหากไม่รักษา: หากโดนกัดกร่อนจนเป็นแผลแล้วไม่ทำการรักษา จะทำให้แผลสมานตัวช้า, 127,"107, 117, 52, 88, 91",0.0,0.0,0,"91, 107, 55, 47, 52",0.0,0.0,0,"107, 91, 52, 117, 47",0.0,0.0,0
 Construction-Related, Repair Method / Repair Tools,Question (TH) :ในขั้นตอนการเตรียมผิวสำหรับซ่อมรอยร้าวด้วย Epoxy Resin (RP-TN-02) จะต้องใช้เครื่องมือใดในการเซาะร่อง และต้องเซาะร่องให้มีขนาดความกว้างเท่าใด,Answer (TH) :1. เครื่องมือ: เครื่องตัดและใบตัดคอนกรีต2. ขนาดความกว้างร่อง: 3-5 มม. (โดยประมาณ)," 17, 19","71, 16, 52, 47, 10",0.0,0.0,0,"16, 7, 3, 15, 52",0.0,0.0,0,"16, 52, 3, 7, 71",0.0,0.0,0
 Construction-Related, Guideline for Repair / Repair Method,"Question (TH) :หากเกิดรอยแตกบิ่นที่ขอบ (Spalling Edge) โดยมีขนาด A=30 มม. B=30 มม. ซึ่งอยู่ในเกณฑ์ซ่อมได้ แต่จากการตรวจสอบพบว่า ""เหล็กเสริมโผล่"" (Rebar exposed) จะต้องดำเนินการซ่อมแซมด้วยวิธีใด",Answer (TH) :Action: Reject (ปฏิเสธชิ้นงาน/ไม่ซ่อมแซม), 4,"4, 6, 142, 140, 141",1.0,0.2,1,"4, 142, 141, 140, 7",1.0,0.2,1,"4, 142, 141, 140, 6",1.0,0.2,1
 Construction-Related, Human Risk / Risk Assessment,Question (TH) :ตามการประเมินความเสี่ยง (Risk Assessment) เรื่องอันตรายจากการกลืนสารเคมี มีข้อห้ามเกี่ยวกับอาหารในพื้นที่ทำงานอย่างไรเพื่อลดความเสี่ยง,Answer (TH) :ห้ามนําอาหารมารับประทานในพื้นที่ทำงานโดยเด็ดขาด, 122,"88, 83, 122, 121, 117",1.0,0.2,1,"122, 117, 72, 107, 84",1.0,0.2,1,"122, 117, 121, 107, 88",1.0,0.2,1
 Construction-Related, Material / Repair Method,"Question (TH) :วัสดุ ""Renderoc Skim Coat"" เป็นของแบรนด์ใด และได้รับการอนุมัติใช้งาน (Status) หรือไม่ ตามตารางรายการวัสดุซ่อม (Material List) ที่ระบุใน Guideline",Answer (TH) :1. แบรนด์: FOSROC2. สถานะ: ได้รับการอนุมัติใช้งาน, 8,"27, 34, 8, 18, 98",1.0,0.2,1,"45, 101, 145, 99, 125",0.0,0.0,0,"101, 100, 27, 45, 34",0.0,0.0,0
 Non-Construction Questions, Project Information,Question (TH) :ชื่อโครงการก่อสร้างที่ระบุอยู่ในส่วนหัวของเอกสาร Risk Assessment คือโครงการอะไร และใช้รหัสเอกสาร (Document No.) อะไรสำหรับเอกสาร Preventative Measures,Answer (TH) :1. ชื่อโครงการ: โครงการก่อสร้างอุโมงค์ระบายน้ำจากบึงหนองบอนลงสู่แม่น้ำเจ้าพระยา (Project: Sewerage Tunnel Bung Nong Bon to Chaophraya River)2. รหัสเอกสาร Preventative Measures: EV-TN-01," 120, 134","120, 134, 142, 140, 141",1.0,0.4,1,"139, 120, 142, 141, 140",0.5,0.2,1,"120, 142, 139, 134, 140",1.0,0.4,1
